,Rank,Title,Lifetime Gross,Year,inflation_adjusted_gross
0,1,Avatar,2923706026,2009,3128902526.5266314
1,2,Avengers: Endgame,2799439100,2019,2799439100.0
2,3,Avatar: The Way of Water,2318325624,2022,2318325624.0
3,4,Titanic,2264162353,1997,3238866612.3033147
4,5,Star Wars: Episode VII - The Force Awakens,2071310218,2015,2071310218.0
5,6,Avengers: Infinity War,2052415039,2018,2052415039.0
6,7,Spider-Man: No Way Home,1921847111,2021,1921847111.0
7,8,Jurassic World,1671537444,2015,1671537444.0
8,9,The Lion King,1663075401,2019,1663075401.0
9,10,The Avengers,1520538536,2012,1520538536.0
10,11,Furious 7,1515341399,2015,1515341399.0
11,12,Top Gun: Maverick,1493491858,2022,1493491858.0
12,13,Frozen II,1453683476,2019,1453683476.0
13,14,Avengers: Age of Ultron,1405018048,2015,1405018048.0
14,15,Black Panther,1349926083,2018,1349926083.0
15,16,Harry Potter and the Deathly Hallows: Part 2,1342359942,2011,1370139409.0111008
16,17,Star Wars: Episode VIII - The Last Jedi,1334407706,2017,1334407706.0
17,18,Jurassic World: Fallen Kingdom,1310466296,2018,1310466296.0
18,19,Frozen,1284540518,2013,1284540518.0
19,20,Beauty and the Beast,1266115964,2017,1266115964.0
20,21,Incredibles 2,1243225667,2018,1243225667.0
21,22,The Fate of the Furious,1236005118,2017,1236005118.0
22,23,Iron Man 3,1215577205,2013,1215577205.0
23,24,Minions,1159444662,2015,1159444662.0
24,25,Captain America: Civil War,1155046416,2016,1155046416.0
25,26,Aquaman,1148528393,2018,1148528393.0
26,27,The Lord of the Rings: The Return of the King,1147633833,2003,1432010012.248924
27,28,Skyfall,1142471295,2012,1142471295.0
28,29,Spider-Man: Far from Home,1131927996,2019,1131927996.0
29,30,Captain Marvel,1131416446,2019,1131416446.0
30,31,Transformers: Dark of the Moon,1123794079,2011,1147050434.8909082
31,32,Jurassic Park,1109802321,1993,1763349163.236498
32,33,Transformers: Age of Extinction,1104054072,2014,1104054072.0
33,34,The Dark Knight Rises,1081169825,2012,1081169825.0
34,35,Star Wars: Episode IX - The Rise of Skywalker,1077022372,2019,1077022372.0
35,36,Joker,1074458282,2019,1074458282.0
36,37,Toy Story 4,1073841394,2019,1073841394.0
37,38,Toy Story 3,1067316101,2010,1123791011.909757
38,39,Pirates of the Caribbean: Dead Man's Chest,1066179747,2006,1214228535.8765774
39,40,Rogue One: A Star Wars Story,1058682142,2016,1058682142.0
40,41,Aladdin,1054304000,2019,1054304000.0
41,42,Pirates of the Caribbean: On Stranger Tides,1046721266,2011,1068382638.6087073
42,43,Despicable Me 3,1034800131,2017,1034800131.0
43,44,Finding Dory,1029266989,2016,1029266989.0
44,45,Star Wars: Episode I - The Phantom Menace,1027082707,1999,1415438337.5207565
45,46,Zootopia,1025521689,2016,1025521689.0
46,47,Alice in Wonderland,1025468216,2010,1079728829.2195766
47,48,Harry Potter and the Sorcerer's Stone,1023842938,2001,1327319003.4284134
48,49,The Hobbit: An Unexpected Journey,1017030651,2012,1017030651.0
49,50,The Dark Knight,1006234167,2008,1073024190.7367663
50,51,Jurassic World: Dominion,1001978080,2022,1001978080.0
51,52,Jumanji: Welcome to the Jungle,995339117,2017,995339117.0
52,53,Harry Potter and the Deathly Hallows: Part 1,977070383,2010,1028770121.0446031
53,54,Despicable Me 2,970766005,2013,970766005.0
54,55,The Lion King,968511805,1994,1500435218.3344805
55,56,The Jungle Book,967724775,2016,967724775.0
56,57,The Hobbit: The Battle of the Five Armies,962201338,2014,962201338.0
57,58,Pirates of the Caribbean: At World's End,961691209,2007,1064900171.8858021
58,59,The Hobbit: The Desolation of Smaug,959027992,2013,959027992.0
59,60,Doctor Strange in the Multiverse of Madness,955775804,2022,955775804.0
60,61,The Lord of the Rings: The Two Towers,947944270,2002,1209796090.7525291
61,62,Harry Potter and the Order of the Phoenix,942278045,2007,1043403581.8296822
62,63,Finding Nemo,941637960,2003,1174969705.3708694
63,64,Minions: The Rise of Gru,939628210,2022,939628210.0
64,65,Harry Potter and the Half-Blood Prince,934519387,2009,1000107413.3547033
65,66,Shrek 2,928760770,2004,1128840128.2550557
66,67,Harry Potter and the Chamber of Secrets,925668380,2002,1181366904.0451362
67,68,Bohemian Rhapsody,910809311,2018,910809311.0
68,69,The Battle at Lake Changjin,902548476,2021,902548476.0
69,70,The Lord of the Rings: The Fellowship of the Ring,898204420,2001,1164440121.9959345
70,71,Harry Potter and the Goblet of Fire,896815106,2005,1054292716.0622835
71,72,Spider-Man 3,894983373,2007,991033232.7293166
72,73,The Secret Life of Pets,894328469,2016,894328469.0
73,74,Ice Age: Dawn of the Dinosaurs,886686817,2009,948917776.711234
74,75,Spectre,880705312,2015,880705312.0
75,76,Spider-Man: Homecoming,880166924,2017,880166924.0
76,77,Ice Age: Continental Drift,877244782,2012,877244782.0
77,78,The Super Mario Bros. Movie,875031550,2023,875031550.0
78,79,Batman v Superman: Dawn of Justice,873637528,2016,873637528.0
79,80,Wolf Warrior 2,870325439,2017,870325439.0
80,81,Star Wars: Episode III - Revenge of the Sith,868390560,2005,1020876918.7539169
81,82,The Hunger Games: Catching Fire,865011746,2013,865011746.0
82,83,Guardians of the Galaxy Vol. 2,863756051,2017,863756051.0
83,84,Black Panther: Wakanda Forever,859207913,2022,859207913.0
84,85,Inside Out,858848019,2015,858848019.0
85,86,Venom,856085151,2018,856085151.0
86,87,Thor: Ragnarok,855301806,2017,855301806.0
87,88,The Twilight Saga: Breaking Dawn - Part 2,848593948,2012,848593948.0
88,89,Inception,836504484,2010,880766456.7794328
89,90,Transformers: Revenge of the Fallen,836303693,2009,894998578.7563077
90,91,Spider-Man,825025036,2002,1052922724.3767871
91,92,Wonder Woman,822854286,2017,822854286.0
92,93,"Hi, Mom",822009764,2021,822009764.0
93,94,Independence Day,817400891,1996,1196114341.4165328
94,95,Coco,814337054,2017,814337054.0
95,96,Fantastic Beasts and Where to Find Them,814044001,2016,814044001.0
96,97,Shrek the Third,813367380,2007,900658189.0968544
97,98,Jumanji: The Next Level,801693929,2019,801693929.0
98,99,Harry Potter and the Prisoner of Azkaban,797660766,2004,969497754.9444362
99,100,Pirates of the Caribbean: Dead Men Tell No Tales,795922298,2017,795922298.0
100,101,E.T. the Extra-Terrestrial,792910554,1982,1886502650.1044145
101,102,Mission: Impossible - Fallout,791657398,2018,791657398.0
102,103,2012,791217826,2009,846748418.8864577
103,104,Indiana Jones and the Kingdom of the Crystal Skull,790653942,2008,843134564.5882686
104,105,Spider-Man 2,788976453,2004,958942613.8172684
105,106,Fast & Furious 6,788680968,2013,788680968.0
106,107,Deadpool 2,785896609,2018,785896609.0
107,108,Deadpool,782836791,2016,782836791.0
108,109,Star Wars: Episode IV - A New Hope,775398007,1977,2937734818.7979865
109,110,No Time to Die,774153007,2021,774153007.0
110,111,Interstellar,773430538,2014,773430538.0
111,112,Guardians of the Galaxy,773350147,2014,773350147.0
112,113,The Batman,770945583,2022,770945583.0
113,114,Thor: Love and Thunder,760928081,2022,760928081.0
114,115,Fast & Furious Presents: Hobbs & Shaw,760732926,2019,760732926.0
115,116,The Da Vinci Code,760006945,2006,865540845.8845733
116,117,Maleficent,759853685,2014,759853685.0
117,118,The Amazing Spider-Man,757930663,2012,757930663.0
118,119,The Hunger Games: Mockingjay - Part 1,755356711,2014,755356711.0
119,120,Shrek Forever After,752600867,2010,792423246.5880232
120,121,Gravity,748049949,2013,748049949.0
121,122,Madagascar 3: Europe's Most Wanted,746921274,2012,746921274.0
122,123,Suicide Squad,746846894,2016,746846894.0
123,124,X-Men: Days of Future Past,746045700,2014,746045700.0
124,125,"The Chronicles of Narnia: The Lion, the Witch and the Wardrobe",745013115,2005,875834823.9903225
125,126,Monsters University,743559645,2013,743559645.0
126,127,The Matrix Reloaded,741847937,2003,925673017.6498804
127,128,Up,735099102,2009,786691075.3137593
128,129,Ne Zha,726264074,2019,726264074.0
129,130,F9: The Fast Saga,726229501,2021,726229501.0
130,131,Captain America: The Winter Soldier,714421503,2014,714421503.0
131,132,The Twilight Saga: Breaking Dawn - Part 1,712205856,2011,726944599.6579695
132,133,The Twilight Saga: New Moon,711025481,2009,760927878.5697292
133,134,Dawn of the Planet of the Apes,710644566,2014,710644566.0
134,135,Transformers,709709780,2007,785876027.1885098
135,136,The Amazing Spider-Man 2,708982323,2014,708982323.0
136,137,It,701842551,2017,701842551.0
137,138,The Wandering Earth,699992512,2019,699992512.0
138,139,The Twilight Saga: Eclipse,698509825,2010,735470084.5702479
139,140,Mission: Impossible - Ghost Protocol,694713380,2011,709090125.6239247
140,141,Mamma Mia!,694476782,2008,740573527.9420538
141,142,The Hunger Games,694394724,2012,694394724.0
142,143,Detective Chinatown 3,686257563,2021,686257563.0
143,144,Mission: Impossible - Rogue Nation,682716636,2015,682716636.0
144,145,Moana,682685656,2016,682685656.0
145,146,Forrest Gump,678226465,1994,1050720155.2308367
146,147,Doctor Strange,677796076,2016,677796076.0
147,148,The Sixth Sense,672806432,1999,927204801.612293
148,149,Man of Steel,668045518,2013,668045518.0
149,150,Ice Age: The Meltdown,667094506,2006,759726666.7190675
150,151,Kung Fu Panda 2,665692281,2011,679468449.5081512
151,152,Justice League,657926987,2017,657926987.0
152,153,Big Hero 6,657869686,2014,657869686.0
153,154,Fantastic Beasts: The Crimes of Grindelwald,654855901,2018,654855901.0
154,155,Pirates of the Caribbean: The Curse of the Black Pearl,654264015,2003,816386370.9777718
155,156,Men in Black 3,654213485,2012,654213485.0
156,157,Star Wars: Episode II - Attack of the Clones,653779970,2002,834374421.5240688
157,158,The Hunger Games: Mockingjay - Part 2,653428261,2015,653428261.0
158,159,Thor: The Dark World,644783140,2013,644783140.0
159,160,Sing,634338384,2016,634338384.0
160,161,Kung Fu Panda,632083197,2008,674038492.4131016
161,162,The Incredibles,631607053,2004,767671729.6266913
162,163,The Martian,630620818,2015,630620818.0
163,164,Hancock,629443428,2008,671223505.5165603
164,165,Water Gate Bridge,626571697,2022,626571697.0
165,166,Fast Five,626137675,2011,639095280.7381111
166,167,Iron Man 2,623933331,2010,656947523.5609843
167,168,Ratatouille,623726085,2007,690664538.5859593
168,169,Ant-Man and the Wasp,622674139,2018,622674139.0
169,170,How to Train Your Dragon 2,621537519,2014,621537519.0
170,171,Logan,619179950,2017,619179950.0
171,172,The Lost World: Jurassic Park,618638999,1997,884958270.0087602
172,173,Casino Royale,616505162,2006,702112530.5765278
173,174,The Passion of the Christ,612054506,2004,743907052.6763579
174,175,Life of Pi,609016565,2012,609016565.0
175,176,Ready Player One,607274134,2018,607274134.0
176,177,Transformers: The Last Knight,605425157,2017,605425157.0
177,178,Madagascar: Escape 2 Africa,603900354,2008,643984978.7335801
178,179,War of the Worlds,603873119,2005,709911136.1171838
179,180,Tangled,592462816,2010,623811808.7862934
180,181,Quantum of Solace,589580482,2008,628714607.7124239
181,182,Men in Black,589390539,1997,843118575.7705047
182,183,The Croods,587235983,2013,587235983.0
183,184,The Hangover Part II,586764305,2011,598907098.5563642
184,185,Iron Man,585796247,2008,624679189.485135
185,186,I Am Legend,585410052,2007,648236418.472321
186,187,"Monsters, Inc.",579707738,2001,751538217.9467646
187,188,Operation Red Sea,579330426,2018,579330426.0
188,189,Night at the Museum,574481229,2006,654253190.9277084
189,190,Fifty Shades of Grey,569651467,2015,569651467.0
190,191,Kong: Skull Island,566652812,2017,566652812.0
191,192,The Smurfs,563749323,2011,575415833.0252291
192,193,Cars 2,559852396,2011,571438261.0717751
193,194,King Kong,556906378,2005,654697198.9274552
194,195,Puss in Boots,554987477,2011,566472665.00846
195,196,The Mermaid,553810228,2016,553810228.0
196,197,Armageddon,553709788,1998,779929110.8347975
197,198,The Day After Tomorrow,552639571,2004,671692586.8934568
198,199,Ted,549368315,2012,549368315.0
199,200,American Sniper,547459020,2014,547459020.0
200,201,Mission: Impossible II,546388108,2000,728498439.4201626
201,202,Detective Chinatown 2,544185156,2018,544185156.0
202,203,X-Men: Apocalypse,543934105,2016,543934105.0
203,204,Sherlock Holmes: A Game of Shadows,543848418,2011,555103088.7586945
204,205,Despicable Me,543157985,2010,571898110.6142
205,206,Cinderella,542358331,2015,542358331.0
206,207,Madagascar,542063846,2005,637248369.9873221
207,208,World War Z,540455876,2013,540455876.0
208,209,Brave,538983207,2012,538983207.0
209,210,Star Wars: Episode V - The Empire Strikes Back,538375067,1980,1500093266.174733
210,211,The Simpsons Movie,536414293,2007,593982421.2510827
211,212,The Revenant,532950503,2015,532950503.0
212,213,The Meg,530517320,2018,530517320.0
213,214,Ralph Breaks the Internet,529323962,2018,529323962.0
214,215,Hotel Transylvania 3: Summer Vacation,528583774,2018,528583774.0
215,216,The Boss Baby,527965936,2017,527965936.0
216,217,Dunkirk,527016307,2017,527016307.0
217,218,The Grinch,526760632,2018,526760632.0
218,219,Godzilla,524976069,2014,524976069.0
219,220,How to Train Your Dragon: The Hidden World,524580592,2019,524580592.0
220,221,Sherlock Holmes,524028679,2009,560806949.5067331
221,222,Meet the Fockers,522657936,2004,635252123.6526415
222,223,WALL·E,521311890,2008,555914604.4070914
223,224,Kung Fu Panda 3,521170825,2016,521170825.0
224,225,Terminator 2: Judgment Day,520881154,1991,878055709.7758884
225,226,Ant-Man,519311965,2015,519311965.0
226,227,Venom: Let There Be Carnage,506863592,2021,506863592.0
227,228,Ghost,505703557,1990,888343553.6790973
228,229,Aladdin,504050219,1992,824853214.4054596
229,230,Gladiator,503162313,2000,670865552.2120906
230,231,Rio 2,498781117,2014,498781117.0
231,232,Troy,497409852,2004,604564942.0862255
232,233,Toy Story 2,497375381,1999,685440595.5901201
233,234,How to Train Your Dragon,494879471,2010,521065034.9670451
234,235,Twister,494580615,1996,723726843.3416826
235,236,Oz the Great and Powerful,493311825,2013,493311825.0
236,237,Clash of the Titans,493214993,2010,519312484.4207084
237,238,Maleficent: Mistress of Evil,491730089,2019,491730089.0
238,239,War for the Planet of the Apes,490719763,2017,490719763.0
239,240,Shrek,488441368,2001,633219691.9513947
240,241,Mr. & Mrs. Smith,487287646,2005,572853659.9883461
241,242,Angels & Demons,485930816,2009,520035237.59866124
242,243,Teenage Mutant Ninja Turtles,485004754,2014,485004754.0
243,244,Bruce Almighty,484592874,2003,604671827.7888912
244,245,The King's Speech,484068861,2010,509682403.01772934
245,246,Rio,483866772,2011,493880152.62167966
246,247,Saving Private Ryan,482349603,1998,679414569.0256563
247,248,Rise of the Planet of the Apes,481800873,2011,491771500.87606865
248,249,Puss in Boots: The Last Wish,481420587,2022,481420587.0
249,250,Home Alone,476684675,1990,837367569.0279266
250,251,Jaws,476512065,1975,2033537380.14145
251,252,Hotel Transylvania 2,475186706,2015,475186706.0
252,253,Star Wars: Episode VI - Return of the Jedi,475106177,1983,1095196060.2624297
253,254,Charlie and the Chocolate Factory,474968763,2005,558371624.0257143
254,255,Ant-Man and the Wasp: Quantumania,474516536,2023,474516536.0
255,256,Indiana Jones and the Last Crusade,474171806,1989,877959690.5384192
256,257,San Andreas,474009154,2015,474009154.0
257,258,It Chapter Two,473122525,2019,473122525.0
258,259,La La Land,471979503,2016,471979503.0
259,260,Wreck-It Ralph,471222889,2012,471222889.0
260,261,Godzilla vs. Kong,470116094,2021,470116094.0
261,262,The Hangover,469328079,2009,502267259.1204594
262,263,Lucy,469058574,2014,469058574.0
263,264,The Lego Movie,468266122,2014,468266122.0
264,265,Bumblebee,467989645,2018,467989645.0
265,266,Star Trek Into Darkness,467365246,2013,467365246.0
266,267,The Matrix,467222728,1999,643886764.7805042
267,268,Pretty Woman,463406268,1990,814042071.1185311
268,269,Cars,461991867,2006,526143654.32538694
269,270,The Eight Hundred,461421559,2020,461421559.0
270,271,X-Men: The Last Stand,460435291,2006,524370933.5409425
271,272,Moon Man,460237662,2022,460237662.0
272,273,National Treasure: Book of Secrets,459242249,2007,508528252.43754756
273,274,Mission: Impossible,457696391,1996,669753634.1316379
274,275,300,456082343,2007,505029224.4636494
275,276,The Last Samurai,454627263,2003,567280933.8109891
276,277,Demon Slayer the Movie: Mugen Train,453210959,2020,453210959.0
277,278,Dying to Survive,451183391,2018,451183391.0
278,279,Ocean's Eleven,450717150,2001,584313683.4392998
279,280,"My People, My Country",450064993,2019,450064993.0
280,281,Pokémon: Detective Pikachu,449762638,2019,449762638.0
281,282,Thor,449326618,2011,458625207.4255331
282,283,Pearl Harbor,449220945,2001,582373990.0978544
283,284,Tarzan,448191819,1999,617659978.9404922
284,285,Men in Black II,445135288,2002,568095560.3839465
285,286,The Bourne Ultimatum,444100035,2007,491760971.9004832
286,287,The Mummy Returns,443280904,2001,574673268.6221118
287,288,Alvin and the Chipmunks: The Squeakquel,443140005,2009,474241209.2458177
288,289,Les Misérables,442299309,2012,442299309.0
289,290,The Exorcist,441306145,1973,2282009978.7191443
290,291,Mrs. Doubtfire,441286195,1993,701153374.77391
291,292,Terminator Genisys,440603537,2015,440603537.0
292,293,Warcraft,439048914,2016,439048914.0
293,294,A Star Is Born,436233122,2018,436233122.0
294,295,The Greatest Showman,435732529,2017,435732529.0
295,296,Terminator 3: Rise of the Machines,433371112,2003,540757647.2202609
296,297,Shang-Chi and the Legend of the Ten Rings,432243292,2021,432243292.0
297,298,Die Another Day,431971116,2002,551295032.8343745
298,299,The Secret Life of Pets 2,431058542,2019,431058542.0
299,300,Cast Away,429632142,2000,572827886.2389547
300,301,Rampage,428028233,2018,428028233.0
301,302,The Matrix Revolutions,427344325,2003,533237461.7067935
302,303,The Intouchables,426588510,2011,435416545.6632243
303,304,Bad Boys for Life,426505244,2020,426505244.0
304,305,Django Unchained,426074373,2012,426074373.0
305,306,Beauty and the Beast,424967620,1991,716373096.5218797
306,307,Dances with Wolves,424208848,1990,745185969.7606121
307,308,"My People, My Homeland",422390820,2020,422390820.0
308,309,The Chronicles of Narnia: Prince Caspian,419665568,2008,447521383.44283175
309,310,Sex and the City,418765519,2008,446561592.58944833
310,311,The Captain,417282021,2019,417282021.0
311,312,The Mummy,415933406,1999,573204168.1702521
312,313,The Chronicles of Narnia: The Voyage of the Dawn Treader,415686217,2010,437681427.27509445
313,314,Jason Bourne,415484914,2016,415484914.0
314,315,Mad Max: Fury Road,415261382,2015,415261382.0
315,316,The Wolverine,414828246,2013,414828246.0
316,317,Kingsman: The Secret Service,414351546,2015,414351546.0
317,318,Night at the Museum: Battle of the Smithsonian,413106170,2009,442099488.6428914
318,319,Batman,411569241,1989,762047002.565758
319,320,The Bodyguard,411046449,1992,672657151.9009693
320,321,Pacific Rim,411002906,2013,411002906.0
321,322,Kingsman: The Golden Circle,410902662,2017,410902662.0
322,323,The Mummy,409231607,2017,409231607.0
323,324,Ice Age: Collision Course,408754975,2016,408754975.0
324,325,Twilight,408430415,2008,435540483.4187633
325,326,Sing 2,408396446,2021,408396446.0
326,327,Signs,408247917,2002,521018745.1678599
327,328,X2: X-Men United,407711549,2003,508739811.85383695
328,329,Fantastic Beasts: The Secrets of Dumbledore,407150844,2022,407150844.0
329,330,The Wolf of Wall Street,406878233,2013,406878233.0
330,331,Sonic the Hedgehog 2,405421518,2022,405421518.0
331,332,Alita: Battle Angel,404980543,2019,404980543.0
332,333,The Mummy: Tomb of the Dragon Emperor,403449830,2008,430229305.9967581
333,334,Prometheus,403354469,2012,403354469.0
334,335,Gone with the Wind,402382193,1939,6646369584.146906
335,336,Mamma Mia! Here We Go Again,402264843,2018,402264843.0
336,337,Eternals,402064899,2021,402064899.0
337,338,Dune,402027830,2021,402027830.0
338,339,Uncharted,401748820,2022,401748820.0
339,340,TRON: Legacy,400063852,2010,421232435.8700884
340,341,Mission: Impossible III,398479497,2006,453812012.07449406
341,342,Snow White and the Huntsman,396592829,2012,396592829.0
342,343,Grease,396271103,1978,1395421282.5488036
343,344,Toy Story,394436586,1995,594227516.5753543
344,345,Black Adam,393252111,2022,393252111.0
345,346,Solo: A Star Wars Story,392924807,2018,392924807.0
346,347,Superman Returns,391081192,2006,445386384.9010318
347,348,Robin Hood: Prince of Thieves,390493908,1991,658260340.0392952
348,349,Raiders of the Lost Ark,389925971,1981,984869784.2219361
349,350,Independence Day: Resurgence,389681935,2016,389681935.0
350,351,Live Free or Die Hard,388156011,2007,429813019.9840553
351,352,Monster Hunt,387053506,2015,387053506.0
352,353,Godzilla: King of the Monsters,386600138,2019,386600138.0
353,354,Home,386041607,2015,386041607.0
354,355,Star Trek,385680446,2009,412748925.9145229
355,356,1917,384577421,2019,384577421.0
356,357,Happy Feet,384336108,2006,437704684.4253571
357,358,Spider-Man: Into the Spider-Verse,384256930,2018,384256930.0
358,359,Cars 3,383930656,2017,383930656.0
359,360,Back to the Future,383336762,1985,817953722.4407806
360,361,Ice Age,383257136,2002,489124729.754219
361,362,Your Name.,382238181,2016,382238181.0
362,363,Fifty Shades Darker,381545846,2017,381545846.0
363,364,Monsters vs. Aliens,381509870,2009,408285643.46839935
364,365,Black Widow,379751655,2021,379751655.0
365,366,Godzilla,379014294,1998,533861397.6480736
366,367,True Lies,378882411,1994,586971175.918583
367,368,Slumdog Millionaire,378410542,2008,403528004.62579715
368,369,Once Upon a Time in Hollywood,377617598,2019,377617598.0
369,370,Taken 2,376152455,2012,376152455.0
370,371,G.I. Joe: Retaliation,375740705,2013,375740705.0
371,372,Shark Tale,374583879,2004,455279042.43052405
372,373,What Women Want,374111707,2000,498802574.08221835
373,374,The Adventures of Tintin,373993951,2011,381733568.593681
374,375,Batman Begins,373672993,2005,439288669.50763947
375,376,Penguins of Madagascar,373515621,2014,373515621.0
376,377,X-Men Origins: Wolverine,373062864,2009,399245795.3509931
377,378,The Golden Compass,372234864,2007,412183211.1449489
378,379,Fifty Shades Freed,371985018,2018,371985018.0
379,380,Hitch,371594210,2005,436844859.45079356
380,381,Terminator Salvation,371353001,2009,397415927.8427217
381,382,Captain America: The First Avenger,370569774,2011,378238529.9648171
382,383,Edge of Tomorrow,370541256,2014,370541256.0
383,384,There's Something About Mary,369884651,1998,521001819.3968957
384,385,Gone Girl,369330363,2014,369330363.0
385,386,The Fugitive,368875760,1993,586101461.8784776
386,387,Jurassic Park III,368780809,2001,478090689.2238623
387,388,My Big Fat Greek Wedding,368744044,2002,470602668.3609561
388,389,Shazam!,367799011,2019,367799011.0
389,390,Hello Mr. Billionaire,366961907,2018,366961907.0
390,391,Die Hard with a Vengeance,366101666,1995,551540327.4514698
391,392,The Nun,365582797,2018,365582797.0
392,393,Alvin and the Chipmunks,365352546,2007,404562280.89978874
393,394,Tenet,365304105,2020,365304105.0
394,395,Notting Hill,363889678,1999,501481913.1496518
395,396,A Bug's Life,363258859,1998,511669045.848135
396,397,Night at the Museum: Secret of the Tomb,363204635,2014,363204635.0
397,398,Ocean's Twelve,362744280,2004,440888884.1838009
398,399,Planet of the Apes,362211740,2001,469574490.30807453
399,400,The Hangover Part III,362000072,2013,362000072.0
400,401,The World Is Not Enough,361832400,1999,498646746.9723889
401,402,Monster Hunt 2,361682618,2018,361682618.0
402,403,Fast & Furious,360366870,2009,385658749.5433422
403,404,Noah,359200044,2014,359200044.0
404,405,The Karate Kid,359126022,2010,378128461.9321091
405,406,Home Alone 2: Lost in New York,358994850,1992,587477288.6022807
406,407,John Wick: Chapter 4,358574046,2023,358574046.0
407,408,Hotel Transylvania,358375603,2012,358375603.0
408,409,Minority Report,358372926,2002,457366723.58001107
409,410,Top Gun,357288178,1986,748460054.194635
410,411,The Legend of Tarzan,356700357,2016,356700357.0
411,412,Spirited Away,356522590,2001,462199026.1347261
412,413,American Beauty,356296601,1999,491017777.9711525
413,414,Apollo 13,355237933,1995,535173871.32022303
414,415,Rain Man,354825435,1988,688637285.9120034
415,416,The Great Gatsby,353659851,2013,353659851.0
416,417,Dumbo,353284621,2019,353284621.0
417,418,"I, Robot",353133898,2004,429208174.57602966
418,419,Basic Instinct,352927224,1992,577547919.2234925
419,420,Murder on the Orient Express,352794081,2017,352794081.0
420,421,X-Men: First Class,352616690,2011,359913915.87879384
421,422,The Angry Birds Movie,352333929,2016,352333929.0
422,423,GoldenEye,352194034,1995,530588169.5682152
423,424,Catch Me If You Can,352114312,2002,449379284.87675375
424,425,Now You See Me,351723989,2013,351723989.0
425,426,Hannibal,351692268,2001,455936954.14563525
426,427,The Mask,351583407,1994,544679087.3600405
427,428,Peter Rabbit,351496066,2018,351496066.0
428,429,Speed,350448145,1994,542920319.8591769
429,430,Dinosaur,349822765,2000,466418164.3868177
430,431,Mary Poppins Returns,349546142,2018,349546142.0
431,432,Deep Impact,349464664,1998,492239202.8614479
432,433,The Lorax,349183316,2012,349183316.0
433,434,The Maze Runner,348319861,2014,348319861.0
434,435,The Smurfs 2,347545360,2013,347545360.0
435,436,National Treasure,347512318,2004,422375559.23182636
436,437,Rush Hour 2,347325802,2001,450276229.1608583
437,438,Trolls,347182886,2016,347182886.0
438,439,xXx: Return of Xander Cage,346118277,2017,346118277.0
439,440,Pocahontas,346079773,1995,521376898.96431756
440,441,How the Grinch Stole Christmas,345823032,2000,461085326.4170035
441,442,Star Trek Beyond,343471816,2016,343471816.0
442,443,Alvin and the Chipmunks: Chipwrecked,342695435,2011,349787345.4731727
443,444,Wanted,342463063,2008,365194467.7334826
444,445,The Flintstones,341631208,1994,529260968.7554117
445,446,A Quiet Place,340952971,2018,340952971.0
446,447,Enchanted,340487836,2007,377029083.4398433
447,448,Over the Hedge,339795890,2006,386979650.6381945
448,449,300: Rise of an Empire,337580051,2014,337580051.0
449,450,Batman Forever,336567158,1995,507045932.24312335
450,451,Prince of Persia: The Sands of Time,336365676,2009,359973062.994001
451,452,The Curious Case of Benjamin Button,335802786,2008,358092106.7002504
452,453,Journey 2: The Mysterious Island,335287748,2012,335287748.0
453,454,The Rock,335062621,1996,490301895.5122625
454,455,The Great Wall,334933831,2016,334933831.0
455,456,Now You See Me 2,334897606,2016,334897606.0
456,457,Never Say Die,334530869,2017,334530869.0
457,458,Fantastic Four,333535934,2005,392103682.69736814
458,459,Indiana Jones and the Temple of Doom,333107271,1984,736086917.9785755
459,460,Tomorrow Never Dies,333011068,1997,476369739.22985667
460,461,Back to the Future Part II,332500002,1989,615645205.3160323
461,462,The Good Dinosaur,332207671,2015,332207671.0
462,463,Free Guy,331526598,2021,331526598.0
463,464,22 Jump Street,331333876,2014,331333876.0
464,465,Meet the Parents,330444045,2000,440580546.2702091
465,466,Who Framed Roger Rabbit,329803958,1988,640076161.7333221
466,467,Black Swan,329398046,2010,346827489.14647615
467,468,The Perfect Storm,328718434,2000,438279791.7293613
468,469,John Wick: Chapter 3 - Parabellum,328349387,2019,328349387.0
469,470,Crocodile Dundee,328203506,1986,687532443.034343
470,471,Crazy Alien,327598891,2019,327598891.0
471,472,Se7en,327333559,1995,493135309.35069555
472,473,The Devil Wears Prada,326706115,2006,372072240.90927577
473,474,Taken 3,326479141,2015,326479141.0
474,475,The Hunchback of Notre Dame,325338851,1996,476072964.6685405
475,476,A Christmas Carol,325286646,2009,348116465.69926864
476,477,The SpongeBob Movie: Sponge Out of Water,325186032,2015,325186032.0
477,478,Schindler's List,322161245,1993,511877431.7268512
478,479,Megamind,321885765,2010,338917710.7229794
479,480,The Conjuring 2,321834351,2016,321834351.0
480,481,Green Book,321752656,2018,321752656.0
481,482,Lethal Weapon 3,321731527,1992,526497706.41509616
482,483,Robin Hood,321669741,2010,338690256.24222213
483,484,Inglourious Basterds,321457747,2009,344018840.4084983
484,485,101 Dalmatians,320689294,1996,469269201.8268706
485,486,The Conjuring,320406242,2013,320406242.0
486,487,Fatal Attraction,320145693,1987,647038118.297905
487,488,Sonic the Hedgehog,319715683,2020,319715683.0
488,489,The Last Airbender,319713881,2010,336630905.79628164
489,490,The Proposal,317375031,2009,339649584.3020738
490,491,The Polar Express,316897787,2004,385165857.64149284
491,492,A Beautiful Mind,316791257,2001,410690976.0567928
492,493,Beverly Hills Cop,316360478,1984,699080534.9945331
493,494,Air Force One,315156409,1997,450828788.58533335
494,495,Wonder,315025930,2017,315025930.0
495,496,The Expendables 2,314975955,2012,314975955.0
496,497,Chicken Little,314432837,2005,369646148.3777675
497,498,As Good as It Gets,314178011,1997,449429197.8662554
498,499,Knives Out,312897920,2019,312897920.0
499,500,Maze Runner: The Scorch Trials,312296056,2015,312296056.0
500,501,Resident Evil: The Final Chapter,312242626,2016,312242626.0
501,502,The Lego Batman Movie,312136671,2017,312136671.0
502,503,Austin Powers: The Spy Who Shagged Me,312016928,1999,429995285.51759905
503,504,Ocean's Thirteen,311312624,2007,344722779.72941315
504,505,Little Fockers,310650585,2010,327088043.4956617
505,506,Bolt,309979994,2008,330555295.29284775
506,507,Ransom,309492681,1996,452885038.8879158
507,508,Runaway Bride,309460292,1999,426471946.4672749
508,509,The Blind Side,309231694,2009,330934717.79803014
509,510,The Ex-File 3: Return of the Exes,307592427,2017,307592427.0
510,511,The Fault in Our Stars,307166834,2014,307166834.0
511,512,The Pursuit of Happyness,307127625,2006,349775098.8802083
512,513,Rise of the Guardians,306941670,2012,306941670.0
513,514,Close Encounters of the Third Kind,306889114,1977,1162704607.9161057
514,515,Chicago,306776732,2002,391518048.9539077
515,516,Annabelle: Creation,306515884,2017,306515884.0
516,517,Bridesmaids,306442085,2011,312783750.5434362
517,518,Skyscraper,304868961,2018,304868961.0
518,519,A Good Day to Die Hard,304654182,2013,304654182.0
519,520,Mulan,304320254,1998,428650947.22009814
520,521,Dangal,303723636,2016,303723636.0
521,522,Passengers,303144152,2016,303144152.0
522,523,Battleship,303025485,2012,303025485.0
523,524,Liar Liar,302710615,1997,433025177.19819313
524,525,G.I. Joe: The Rise of Cobra,302469017,2009,323697411.1183525
525,526,Wrath of the Titans,301970083,2012,301970083.0
526,527,Fantastic Four: Rise of the Silver Surfer,301913131,2007,334314530.5766029
527,528,Hook,300854823,1991,507154641.93731284
528,529,Superman,300478449,1978,1058098911.3451838
529,530,Rocky IV,300473716,1985,641142772.7816358
530,531,Rambo: First Blood Part II,300400432,1985,640986401.3439406
531,532,Resident Evil: Afterlife,300228084,2010,316114056.56297463
532,533,Van Helsing,300157638,2004,364819442.7685124
533,534,Stuart Little,300135367,1999,413621125.15605044
534,535,Beverly Hills Cop II,299965036,1987,606251518.2692254
535,536,Alice Through the Looking Glass,299820798,2016,299820798.0
536,537,My Best Friend's Wedding,299288605,1997,428130018.54436135
537,538,Real Steel,299268508,2011,305461719.95853096
538,539,Horton Hears a Who!,298572799,2008,318390933.77057445
539,540,Ocean's Eight,297795726,2018,297795726.0
540,541,A Quiet Place Part II,297372261,2021,297372261.0
541,542,The Divergent Series: Insurgent,297002527,2015,297002527.0
542,543,Look Who's Talking,296999813,1989,549914315.047758
543,544,Austin Powers in Goldmember,296938801,2002,378962574.0788994
544,545,Ghostbusters,296578797,1984,655367779.7730317
545,546,Miss Peregrine's Home for Peculiar Children,296482446,2016,296482446.0
546,547,X-Men,296339528,2000,395109045.2475726
547,548,Ferdinand,296069199,2017,296069199.0
548,549,Shutter Island,294805697,2010,310404754.72822577
549,550,Doctor Dolittle,294456605,1998,414757483.2415337
550,551,Bee Movie,293514336,2007,325014374.606129
551,552,Salt,293503354,2010,309033500.8359137
552,553,G-Force,292817898,2009,313368940.89789635
553,554,The Departed,291480452,2006,331955173.09765875
554,555,What Lies Beneath,291420351,2000,388550313.9808014
555,556,Pacific Rim: Uprising,290930148,2018,290930148.0
556,557,The Bourne Supremacy,290835269,2004,353488791.6928851
557,558,Sex and the City 2,290745055,2010,306129251.9245973
558,559,Shakespeare in Love,289317794,1998,407519199.973227
559,560,Divergent,288885818,2014,288885818.0
560,561,Coming to America,288752301,1988,560404021.9424683
561,562,Elvis,288670284,2022,288670284.0
562,563,Wedding Crashers,288485135,2005,339142120.25186884
563,564,Maze Runner: The Death Cure,288175335,2018,288175335.0
564,565,Casper,287928194,1995,433770247.85587925
565,566,American Pie 2,287553595,2001,372787013.49762845
566,567,Pitch Perfect 2,287144079,2015,287144079.0
567,568,The Green Mile,286801374,1999,395245346.1113806
568,569,Oblivion,286168572,2013,286168572.0
569,570,Elysium,286140700,2013,286140700.0
570,571,Lethal Weapon 4,285444603,1998,402063608.4735092
571,572,John Carter,284139100,2012,284139100.0
572,573,Turbo,282570682,2013,282570682.0
573,574,Paddington,282377683,2014,282377683.0
574,575,Bridget Jones's Diary,281995610,2001,365581592.7856578
575,576,The Tourist,278780441,2010,293531554.14643025
576,577,Split,278454417,2017,278454417.0
577,578,Scary Movie,278019771,2000,370683340.89996517
578,579,xXx,277448382,2002,354088292.47864366
579,580,The Bourne Legacy,276144750,2012,276144750.0
580,581,Mr. Peabody & Sherman,275698039,2014,275698039.0
581,582,Scooby-Doo,275678613,2002,351829657.99400777
582,583,Lincoln,275293450,2012,275293450.0
583,584,Lara Croft: Tomb Raider,274703340,2001,356127829.7230943
584,585,Tomb Raider,274650803,2018,274650803.0
585,586,The Expendables,274470394,2010,288993449.57275194
586,587,Cloudy with a Chance of Meatballs 2,274325949,2013,274325949.0
587,588,The Nutty Professor,273961019,1996,400891052.8762651
588,589,Jerry Maguire,273552592,1996,400293395.84224343
589,590,Bad Boys II,273339556,2003,341071315.32752174
590,591,Lilo & Stitch,273144151,2002,348595098.41408557
591,592,The Silence of the Lambs,272742922,1991,459766067.79491925
592,593,Creed III,271957431,2023,271957431.0
593,594,Grown Ups,271457301,2010,285820924.7431577
594,595,Neighbors,270665134,2014,270665134.0
595,596,The Firm,270248367,1993,429393796.3529273
596,597,We're the Millers,269994119,2012,269994119.0
597,598,Gran Torino,269958228,2008,287877035.61693054
598,599,"10,000 BC",269784201,2008,287691457.3619225
599,600,American Gangster,269755430,2007,298705656.33311146
